uf,meses_analisados,meses_etanol_competitivo,razao_media,percentual_meses_competitivo
MT,24,24,0.632,100.0
MS,24,24,0.651,100.0
SP,24,24,0.659,100.0
PR,24,21,0.683,87.5
GO,24,16,0.684,66.7
MG,24,15,0.689,62.5
DF,24,13,0.692,54.2
AC,24,10,0.702,41.7
AM,24,10,0.717,41.7
TO,24,3,0.719,12.5
PB,24,3,0.732,12.5
ES,24,2,0.715,8.3
SE,24,2,0.74,8.3
BA,24,0,0.734,0.0
SC,24,0,0.734,0.0
RJ,24,0,0.737,0.0
PE,24,0,0.747,0.0
PA,24,0,0.749,0.0
RO,24,0,0.752,0.0
RR,24,0,0.755,0.0
PI,24,0,0.763,0.0
AL,24,0,0.766,0.0
RN,24,0,0.772,0.0
RS,24,0,0.781,0.0
MA,24,0,0.795,0.0
CE,24,0,0.796,0.0
AP,24,0,0.889,0.0
