uf,produto,media,desvio,amplitude,coeficiente_variacao
SP,ETANOL,3.896,0.421,1.3,0.108
DF,ETANOL,4.226,0.454,1.38,0.107
MT,ETANOL,3.886,0.41,1.38,0.105
MS,ETANOL,3.929,0.409,1.48,0.104
GO,ETANOL,4.16,0.431,1.36,0.104
AM,ETANOL,5.018,0.494,1.22,0.098
RN,ETANOL,4.858,0.471,1.6,0.097
PA,ETANOL,4.663,0.444,1.46,0.095
PR,ETANOL,4.244,0.395,1.31,0.093
PE,ETANOL,4.561,0.414,1.3,0.091
MG,ETANOL,4.111,0.374,1.3,0.091
RS,ETANOL,4.759,0.429,1.61,0.09
AL,ETANOL,4.731,0.423,1.37,0.089
RJ,ETANOL,4.434,0.379,1.3,0.086
AM,GASOLINA,6.953,0.595,2.4,0.086
MA,ETANOL,4.768,0.399,1.36,0.084
TO,ETANOL,4.547,0.377,1.15,0.083
SC,ETANOL,4.55,0.364,1.0,0.08
SP,GASOLINA,5.915,0.466,1.3,0.079
CE,ETANOL,4.937,0.39,1.3,0.079
AC,ETANOL,5.191,0.41,1.36,0.079
MS,GASOLINA,6.07,0.466,1.61,0.077
PA,GASOLINA,6.239,0.475,1.57,0.076
MA,GASOLINA,5.988,0.438,1.5,0.073
PB,ETANOL,4.358,0.317,1.06,0.073
BA,ETANOL,4.586,0.329,1.1,0.072
PI,ETANOL,4.457,0.307,0.93,0.069
PE,GASOLINA,6.111,0.425,1.34,0.069
ES,ETANOL,4.388,0.294,1.03,0.067
SE,ETANOL,4.654,0.313,1.0,0.067
AL,GASOLINA,6.209,0.396,1.35,0.064
RJ,GASOLINA,6.021,0.368,1.12,0.061
RO,ETANOL,5.104,0.304,0.864,0.06
PR,GASOLINA,6.219,0.368,1.3,0.059
ES,GASOLINA,6.139,0.355,1.12,0.058
TO,GASOLINA,6.326,0.367,1.15,0.058
RR,GASOLINA,6.64,0.378,1.2,0.057
AC,GASOLINA,7.369,0.41,1.4,0.056
DF,GASOLINA,6.176,0.347,1.09,0.056
AP,ETANOL,5.272,0.292,1.1,0.055
RS,GASOLINA,6.083,0.335,1.1,0.055
GO,GASOLINA,6.095,0.33,0.993,0.054
MG,GASOLINA,5.981,0.322,1.1,0.054
RN,GASOLINA,6.275,0.334,1.04,0.053
BA,GASOLINA,6.268,0.328,1.06,0.052
CE,GASOLINA,6.215,0.323,1.06,0.052
MT,GASOLINA,6.114,0.316,1.11,0.052
SE,GASOLINA,6.32,0.323,0.89,0.051
SC,GASOLINA,6.191,0.297,1.0,0.048
RO,GASOLINA,6.76,0.326,1.09,0.048
PI,GASOLINA,5.851,0.25,0.85,0.043
PB,GASOLINA,5.954,0.232,0.79,0.039
AP,GASOLINA,5.883,0.216,0.67,0.037
RR,ETANOL,5.058,0.166,0.46,0.033
