mes,produto,preco_medio,observacoes
2024-01,ETANOL,3.702,19235
2024-01,GASOLINA,5.609,22735
2024-02,ETANOL,3.813,16477
2024-02,GASOLINA,5.774,19457
2024-03,ETANOL,3.827,16107
2024-03,GASOLINA,5.765,18955
2024-04,ETANOL,3.997,19066
2024-04,GASOLINA,5.822,22464
2024-05,ETANOL,4.06,16890
2024-05,GASOLINA,5.872,19892
2024-06,ETANOL,4.048,16022
2024-06,GASOLINA,5.864,19018
2024-07,ETANOL,4.224,17468
2024-07,GASOLINA,6.035,20530
2024-08,ETANOL,4.281,14670
2024-08,GASOLINA,6.117,17279
2024-09,ETANOL,4.254,16179
2024-09,GASOLINA,6.095,19177
2024-10,ETANOL,4.233,15814
2024-10,GASOLINA,6.103,18706
2024-11,ETANOL,4.236,13709
2024-11,GASOLINA,6.105,16172
2024-12,ETANOL,4.274,15669
2024-12,GASOLINA,6.144,18631
2025-01,ETANOL,4.369,14921
2025-01,GASOLINA,6.184,17793
2025-02,ETANOL,4.546,14164
2025-02,GASOLINA,6.367,17015
2025-03,ETANOL,4.543,16536
2025-03,GASOLINA,6.35,19844
2025-04,ETANOL,4.506,15895
2025-04,GASOLINA,6.316,19037
2025-05,ETANOL,4.484,14990
2025-05,GASOLINA,6.284,18007
2025-06,ETANOL,4.42,16092
2025-06,GASOLINA,6.226,19122
2025-07,ETANOL,4.376,14455
2025-07,GASOLINA,6.211,17232
2025-08,ETANOL,4.366,11996
2025-08,GASOLINA,6.182,14266
2025-09,ETANOL,4.423,14296
2025-09,GASOLINA,6.192,17103
2025-10,ETANOL,4.449,13908
2025-10,GASOLINA,6.215,16621
2025-11,ETANOL,4.444,13753
2025-11,GASOLINA,6.188,16435
2025-12,ETANOL,4.53,16747
2025-12,GASOLINA,6.203,19948
