mes_adicao,vulnerabilidades_adicionadas,ransomware_confirmado
2021-11,291,80
2021-12,20,4
2022-01,40,9
2022-02,32,10
2022-03,226,51
2022-04,45,10
2022-05,83,18
2022-06,48,8
2022-07,3,0
2022-08,23,6
2022-09,24,6
2022-10,12,8
2022-11,10,2
2022-12,9,4
2023-01,5,3
2023-02,14,9
2023-03,18,2
2023-04,17,6
2023-05,19,1
2023-06,24,2
2023-07,16,4
2023-08,8,3
2023-09,19,3
2023-10,18,5
2023-11,18,3
2023-12,11,2
2024-01,21,8
2024-02,9,4
2024-03,10,5
2024-04,10,1
2024-05,14,4
2024-06,9,2
2024-07,14,2
2024-08,19,1
2024-09,25,4
2024-10,17,4
2024-11,22,5
2024-12,16,4
2025-01,14,6
2025-02,27,3
2025-03,32,4
2025-04,15,4
2025-05,24,2
2025-06,20,1
2025-07,20,4
2025-08,15,1
2025-09,16,1
2025-10,31,3
2025-11,11,0
2025-12,20,2
2026-01,17,2
2026-02,28,2
2026-03,26,2
2026-04,31,9
2026-05,21,3
2026-06,23,3
2026-07,26,4
2026-08,31,2
2026-09,41,0
