cwes,vulnerabilidades,ransomware_confirmado
CWE-787,164,29
CWE-78,122,15
CWE-416,106,11
CWE-20,97,19
CWE-22,96,38
CWE-94,83,16
CWE-502,77,30
CWE-119,60,6
CWE-287,54,21
CWE-306,54,16
CWE-843,42,2
CWE-284,39,7
CWE-77,37,6
CWE-79,32,4
CWE-89,32,11
CWE-434,27,7
CWE-200,26,4
CWE-269,26,8
CWE-59,25,15
CWE-120,24,4
CWE-122,24,4
CWE-918,24,11
CWE-863,22,7
CWE-190,21,0
CWE-264,21,4
CWE-121,20,3
CWE-288,20,8
CWE-125,19,2
CWE-693,14,3
CWE-74,14,3
CWE-362,12,1
CWE-798,12,1
CWE-862,12,1
CWE-399,11,0
CWE-506,9,2
CWE-917,9,4
CWE-400,8,1
CWE-611,8,1
CWE-347,7,1
CWE-404,7,5
CWE-23,6,1
CWE-295,6,0
CWE-352,6,0
CWE-367,6,1
CWE-415,6,0
CWE-755,6,2
CWE-1188,5,0
CWE-134,5,1
CWE-290,5,0
CWE-36,5,1
CWE-444,5,3
CWE-522,5,2
CWE-552,5,0
CWE-73,5,0
CWE-749,5,4
CWE-754,5,0
CWE-822,5,1
CWE-88,5,0
CWE-116,4,1
CWE-1220,4,1
CWE-326,4,0
CWE-494,4,0
CWE-732,4,1
CWE-908,4,1
CWE-95,4,0
CWE-1336,3,1
CWE-138,3,2
CWE-1390,3,1
CWE-158,3,0
CWE-184,3,1
CWE-191,3,0
CWE-209,3,0
CWE-276,3,0
CWE-285,3,2
CWE-305,3,2
CWE-426,3,0
CWE-610,3,2
CWE-665,3,0
CWE-703,3,0
CWE-706,3,1
CWE-80,3,2
CWE-807,3,0
CWE-912,3,0
CWE-1173,2,0
CWE-1284,2,0
CWE-250,2,0
CWE-303,2,1
CWE-321,2,0
CWE-345,2,1
CWE-346,2,0
CWE-401,2,0
CWE-420,2,0
CWE-425,2,1
CWE-427,2,2
CWE-436,2,0
CWE-441,2,1
CWE-451,2,0
CWE-470,2,1
CWE-473,2,0
CWE-532,2,0
CWE-591,2,0
CWE-601,2,0
CWE-648,2,0
CWE-667,2,0
CWE-669,2,0
CWE-697,2,0
CWE-707,2,1
CWE-770,2,0
CWE-824,2,0
CWE-829,2,0
CWE-98,2,0
CWE-1023,1,0
CWE-1056,1,0
CWE-114,1,0
CWE-123,1,1
CWE-124,1,0
CWE-1285,1,0
CWE-1287,1,0
CWE-1288,1,0
CWE-1289,1,0
CWE-129,1,0
CWE-130,1,0
CWE-131,1,0
CWE-1321,1,0
CWE-1393,1,0
CWE-176,1,0
CWE-178,1,1
CWE-189,1,0
CWE-19,1,0
CWE-193,1,0
CWE-197,1,1
CWE-203,1,0
CWE-24,1,0
CWE-244,1,0
CWE-25,1,0
CWE-255,1,1
CWE-257,1,0
CWE-259,1,1
CWE-266,1,0
CWE-267,1,0
CWE-27,1,1
CWE-270,1,0
CWE-273,1,0
CWE-274,1,0
CWE-280,1,0
CWE-281,1,0
CWE-282,1,0
CWE-294,1,0
CWE-311,1,0
CWE-312,1,0
CWE-330,1,1
CWE-35,1,1
CWE-351,1,1
CWE-353,1,0
CWE-357,1,0
CWE-358,1,0
CWE-388,1,0
CWE-390,1,0
CWE-406,1,0
CWE-424,1,0
CWE-44,1,0
CWE-457,1,1
CWE-472,1,0
CWE-476,1,0
CWE-497,1,0
CWE-501,1,1
CWE-521,1,0
CWE-528,1,0
CWE-565,1,1
CWE-61,1,0
CWE-639,1,0
CWE-640,1,0
CWE-641,1,0
CWE-645,1,0
CWE-647,1,0
CWE-653,1,0
CWE-664,1,0
CWE-670,1,0
CWE-772,1,0
CWE-782,1,0
CWE-783,1,0
CWE-823,1,0
CWE-835,1,0
CWE-841,1,0
CWE-91,1,0
CWE-913,1,0
CWE-93,1,1
CWE-940,1,0
CWE-96,1,0
