uf,produto,preco_medio,mediana,desvio_padrao,observacoes
AC,ETANOL,5.45,5.32,0.322,499
AC,GASOLINA,7.671,7.64,0.304,700
AL,ETANOL,4.975,4.99,0.186,2107
AL,GASOLINA,6.332,6.29,0.339,2490
AM,ETANOL,5.429,5.49,0.154,1926
AM,GASOLINA,7.226,6.99,0.448,2731
AP,ETANOL,5.428,5.33,0.188,169
AP,GASOLINA,6.042,6.02,0.09,877
BA,ETANOL,4.788,4.79,0.278,8841
BA,GASOLINA,6.391,6.45,0.307,9818
CE,ETANOL,5.116,5.15,0.329,5430
CE,GASOLINA,6.373,6.39,0.256,5949
DF,ETANOL,4.642,4.66,0.218,1251
DF,GASOLINA,6.443,6.48,0.189,2574
ES,ETANOL,4.528,4.49,0.235,2994
ES,GASOLINA,6.257,6.29,0.284,4605
GO,ETANOL,4.454,4.49,0.365,7771
GO,GASOLINA,6.291,6.37,0.248,8169
MA,ETANOL,4.944,4.89,0.347,2861
MA,GASOLINA,6.129,6.08,0.421,4816
MG,ETANOL,4.334,4.35,0.247,18634
MG,GASOLINA,6.131,6.09,0.243,19690
MS,ETANOL,4.078,3.99,0.336,1507
MS,GASOLINA,6.207,6.24,0.424,2658
MT,ETANOL,4.16,4.19,0.246,3818
MT,GASOLINA,6.261,6.27,0.253,3910
PA,ETANOL,4.84,4.85,0.269,2188
PA,GASOLINA,6.401,6.37,0.448,5669
PB,ETANOL,4.491,4.49,0.234,2558
PB,GASOLINA,6.059,6.03,0.17,3090
PE,ETANOL,4.772,4.79,0.338,6899
PE,GASOLINA,6.33,6.45,0.362,8059
PI,ETANOL,4.625,4.59,0.221,2001
PI,GASOLINA,5.925,5.89,0.193,2715
PR,ETANOL,4.458,4.45,0.307,13485
PR,GASOLINA,6.428,6.39,0.312,13545
RJ,ETANOL,4.61,4.59,0.312,14324
RJ,GASOLINA,6.145,6.09,0.332,16136
RN,ETANOL,4.999,4.99,0.373,2129
RN,GASOLINA,6.331,6.39,0.35,2303
RO,ETANOL,5.213,5.19,0.291,1232
RO,GASOLINA,6.915,6.95,0.204,2646
RR,ETANOL,5.165,5.15,0.058,335
RR,GASOLINA,6.948,6.95,0.091,798
RS,ETANOL,4.874,4.85,0.36,7144
RS,GASOLINA,6.222,6.22,0.282,16321
SC,ETANOL,4.741,4.69,0.279,5176
SC,GASOLINA,6.393,6.39,0.207,7948
SE,ETANOL,4.853,4.89,0.135,864
SE,GASOLINA,6.548,6.58,0.118,1549
SP,ETANOL,4.104,4.07,0.347,59841
SP,GASOLINA,6.091,5.99,0.44,60534
TO,ETANOL,4.774,4.79,0.241,1769
TO,GASOLINA,6.534,6.59,0.25,2123
